Название,Адрес,Телефон,Рабочие часы;
"Дизель-форс,""Волгоградский просп., 128, корп. 5"",""+7 (499) 322-91-11, +7 (7172) 78-81-60"",пн-пт 09:00–18:00";
"Арк Сервис,""Азовская ул., 28Б, стр. 4, Москва"",+7 (495) 720-35-13,""ежедневно, 10:00–21:00""";
"Мос-олимп,""Ташкентская ул., 28, стр. 1, Москва"",+7 (495) 514-38-22,""ежедневно, 09:00–20:00""";
"Автопилот,""ул. Речников, 19"",+7 (495) 120-20-45,""ежедневно, 08:00–21:00""";
"Киа Ремонт Лидер,""Можайское ш., 159 к 9, Москва, Россия, 121374"",+7 (495) 649-82-18,вс 10:00-18:00"; пн-сб 10:00-20:00
"РусКомАвто,""ул. Подольских Курсантов, 32, Москва"",""+7 (903) 163-70-00, +7 (968) 320-15-97, +7 (903) 242-13-42, +7 (966) 030-25-30"",пн-пт 09:00–18:00";
"Crystal City,""Пресненская наб., 8, стр. 1"",""+7 (495) 644-29-29, +7 (916) 648-80-88"",""ежедневно, 08:00–00:00""";
"Автопилот,""1-й пр. Перова Поля, 3, стр. 14, Москва"",+7 (495) 120-20-45,""ежедневно, 08:00–21:00""";
"1avto-s,""Дубнинская ул., 75, стр. 15, Москва"",+7 (926) 696-49-44,пн-сб 10:00–20:00"; вс 10:00–15:00
"Эйджиси Моторс,""Новоостаповская ул., 6А, стр. 4, Москва"",+7 (495) 414-46-28,пн-пт 09:00–19:00";
"Европа-Авто,""6-я Радиальная ул., 30, стр. 22"",8 (800) 550-70-64,""пн-пт 10:00–20:00";" сб,вс 10:00–18:00"""
"Автопилот,""Смирновская ул., 2, стр. 1"",+7 (495) 120-20-45,""ежедневно, 08:00–21:00""";
"Форд Транзит Сервис,""Рязанский просп., 4, стр. 1, Москва"",""+7 (905) 767-77-11, +7 (905) 769-77-11"",пн-пт 09:00–19:00";
"A1 моторс,""1-я Дубровская ул., 13А, стр. 4, Москва"",""+7 (495) 120-15-38, +7 (925) 001-08-57, +7 (499) 110-42-89, +7 (499) 110-42-87"",""ежедневно, 09:00–21:00""";
"АвтоЧекап,""Ярославская ул., 8, корп. 4"",+7 (499) 340-51-03,пн-сб 09:00–20:00";
"Автопилот,""Митинская ул., 15, Москва"",+7 (495) 120-20-45,""ежедневно, 08:00–21:00""";
"ZFcenter,""Алтуфьевское ш., 31, стр. 1"",""+7 (926) 209-26-79, +7 (495) 664-41-00"",пн-пт 09:30–18:30"; сб 10:00–16:00
"Рр-мастер,""ул. Свободы, 35, стр. 17, Москва"",""+7 (916) 595-40-40, +7 (916) 596-40-40"",""ежедневно, 10:00–21:00""";
"АмдЗап,""ул. Красного Маяка, 16, Москва"",+7 (495) 127-61-18,""ежедневно, 09:00–20:00""";
"Cpd-service,""ул. Ивана Франко, 4, корп. 16, Москва"",+7 (926) 528-09-09,";
"ГрузиВезу,""Денисьевский пр., 17, Дзержинский"",""+7 (926) 816-90-13, +7 (495) 979-90-13"",";
"Mirax,""Маломосковская ул., 22, стр. 11"",+7 (495) 877-37-22,""ежедневно, 10:00-20:00""";
"H2-auto,""Полярная ул., 39А, Москва"",,";
"Мобискар,""ул. Вавилова, 13А, Москва"",+7 (495) 189-66-79,вт-сб 09:00–18:00";
"АвтоЮвелиры,""Каширское ш., 41, стр. 2"",""+7 (905) 712-80-76, +7 (495) 799-20-34"",""ежедневно, 10:00–20:00""";
"АКПП-Центр,""1-я ул. Измайловского Зверинца, 8, Москва, Россия"",+7 (499) 113-38-36,""ежедневно, 09:00–21:00""";
"ИП Иванцов Василий Николаевич,""б-р Генерала Карбышева, 8 строение 4, Москва"",+7 (915) 243-25-57,""ежедневно, круглосуточно""";
"Автодом Ауди Варшавка,""Варшавское ш., 91А, Москва"",+7 (495) 445-30-67,""ежедневно, 07:30–21:00""";
"Токио Сервис,""Лобненская ул., 17, стр. 2, Москва"",+7 (499) 455-18-21,""ежедневно, 08:00–22:00""";
"АвтоПлюс,""Верейская ул., 29, стр. 2, Москва"",""+7 (901) 519-68-90, +7 (926) 456-60-10, +7 (495) 979-68-90"",""ежедневно, 10:00–19:00""";
"Интер-авто,""Молодогвардейская ул., 61, стр. 4"",+7 (495) 775-12-77,""ежедневно, 09:00–21:00""";
"ПТЦ КомТранс Юг,""Дорожная ул., 3, корп. 20, Москва"",""+7 (499) 559-99-09, +7 (499) 559-99-10"",""ежедневно, 09:00–21:00""";
"Стартеры, генераторы,""Щёлковское ш., 77, Москва"",+7 (968) 067-33-34,пн-пт 09:00–19:00";
"Viktorymotor,""Москва, Южный административный округ, район Чертаново Северное, микрорайон Северное Чертаново, 2, корп. 206"",""+7 (901) 147-90-38, +7 (966) 009-31-79"",""ежедневно, 09:00–21:00""";
"ИП Ковалев Юрий Вячеславович,""Малая Филёвская ул., 18к3, Москва"",+7 (925) 168-46-13,""ежедневно, круглосуточно""";
"Доктор Джип,""ш. Энтузиастов, 2, стр. 38А, Москва"",""+7 (925) 772-33-41, +7 (495) 772-33-41"",вт-вс 10:00–20:00";
"Автосервис33,""Варшавское ш., 33, Москва"",""+7 (495) 295-17-05, +7 (926) 512-68-22"",пн-сб 10:00–20:50";
"Автопилот,""Бесединское ш., 9, Москва"",+7 (495) 120-20-45,""ежедневно, 08:00–21:00""";
"Авто Запад Моторс,""ул. Мичуринский Проспект, Олимпийская Деревня, 4, корп. 32, Москва"",""+7 (499) 340-05-25, +7 (916) 230-66-76, +7 (985) 420-86-58"",пн-пт 10:00–20:00"; сб 10:00–16:00
"Ив-Авто,""Варшавское ш., 94, Москва"",+7 (926) 400-73-00,""пн-пт 10:00–22:00";" сб,вс 10:00–21:00"""
"Кутузовв,""Краснобогатырская ул., 89, стр. 1, Москва"",""+7 (499) 325-62-97, +7 (993) 894-80-55"",""ежедневно, 09:00–21:00""";
"ИП Верещагин Игорь Михайлович,""2-й Кожевнический пер., 12с10, Москва"",+7 (919) 993-25-82,""ежедневно, круглосуточно""";
"Шино-Бокс,""2-й Хорошёвский пр., 7, стр. 1Б, Москва"",+7 (495) 414-34-66,""пн-пт 09:00–22:00";" сб,вс 10:00–20:00"""
"Fps Service,""2-й Хорошёвский пр., 7, стр. 20"",+7 (965) 435-95-95,пн-сб 10:00–22:00";
"Никрасофф,""Куликовская ул., 12, Москва"",""+7 (495) 778-46-57, +7 (919) 410-70-01, +7 (916) 588-29-57, +7 (985) 485-78-86"",""ежедневно, 10:00–20:00""";
"Спецавтобаза № 1,""3-й Угрешский пр., 6, стр. 1, Москва"",""+7 (499) 702-00-94, +7 (495) 644-49-30, +7 (495) 644-49-35, +7 (495) 156-15-96"",пн-пт 09:00–18:00";
"Remont-MKPP.ru,""Ильменский пр., 9, стр. 2, Москва"",""+7 (909) 624-64-64, +7 (495) 979-10-47"",""ежедневно, 09:00–21:00""";
"РМ-Моторс,""Ферганская ул., 6, корп. 2"",""+7 (903) 539-82-17, +7 (999) 859-34-79"",пн-сб 11:00–21:00";
"Мосавторемонт,""Графский пер., 14Б, Москва"",""+7 (495) 768-71-11, +7 (917) 516-67-77"",""ежедневно, 09:00–20:00""";
"Мазда-СТО,""ул. Василия Петушкова, 3, корп. 3, стр. 18, Москва"",+7 (499) 372-18-20,""пн-пт 10:00–20:00";" сб,вс 10:00–21:00"""
